ID,Name,Type,Stats
1,bulbasaur,grass,45,49,49,45
2,ivysaur,grass,60,62,63,60
3,venusaur,grass,80,82,83,80
4,charmander,fire,39,52,43,65
5,charmeleon,fire,58,64,58,80
6,charizard,fire,78,84,78,100
7,squirtle,water,44,48,65,43
8,wartortle,water,59,63,80,58
9,blastoise,water,79,83,100,78
10,caterpie,bug,45,30,35,45
11,metapod,bug,50,20,55,30
12,butterfree,bug,60,45,50,70
13,weedle,bug,40,35,30,50
14,kakuna,bug,45,25,50,35
15,beedrill,bug,65,90,40,75
16,pidgey,normal,40,45,40,56
17,pidgeotto,normal,63,60,55,71
18,pidgeot,normal,83,80,75,101
19,rattata,normal,30,56,35,72
20,raticate,normal,55,81,60,97
21,spearow,normal,40,60,30,70
22,fearow,normal,65,90,65,100
23,ekans,poison,35,60,44,55
24,arbok,poison,60,95,69,80
25,pikachu,electric,35,55,40,90
26,raichu,electric,60,90,55,110
27,sandshrew,ground,50,75,85,40
28,sandslash,ground,75,100,110,65
29,nidoran-f,poison,55,47,52,41
30,nidorina,poison,70,62,67,56
31,nidoqueen,poison,90,92,87,76
32,nidoran-m,poison,46,57,40,50
33,nidorino,poison,61,72,57,65
34,nidoking,poison,81,102,77,85
35,clefairy,fairy,70,45,48,35
36,clefable,fairy,95,70,73,60
37,vulpix,fire,38,41,40,65
38,ninetales,fire,73,76,75,100
39,jigglypuff,normal,115,45,20,20
40,wigglytuff,normal,140,70,45,45
41,zubat,poison,40,45,35,55
42,golbat,poison,75,80,70,90
43,oddish,grass,45,50,55,30
44,gloom,grass,60,65,70,40
45,vileplume,grass,75,80,85,50
46,paras,bug,35,70,55,25
47,parasect,bug,60,95,80,30
48,venonat,bug,60,55,50,45
49,venomoth,bug,70,65,60,90
50,diglett,ground,10,55,25,95
51,dugtrio,ground,35,100,50,120
52,meowth,normal,40,45,35,90
53,persian,normal,65,70,60,115
54,psyduck,water,50,52,48,55
55,golduck,water,80,82,78,85
56,mankey,fighting,40,80,35,70
57,primeape,fighting,65,105,60,95
58,growlithe,fire,55,70,45,60
59,arcanine,fire,90,110,80,95
60,poliwag,water,40,50,40,90
61,poliwhirl,water,65,65,65,90
62,poliwrath,water,90,95,95,70
63,abra,psychic,25,20,15,90
64,kadabra,psychic,40,35,30,105
65,alakazam,psychic,55,50,45,120
66,machop,fighting,70,80,50,35
67,machoke,fighting,80,100,70,45
68,machamp,fighting,90,130,80,55
69,bellsprout,grass,50,75,35,40
70,weepinbell,grass,65,90,50,55
71,victreebel,grass,80,105,65,70
72,tentacool,water,40,40,35,70
73,tentacruel,water,80,70,65,100
74,geodude,rock,40,80,100,20
75,graveler,rock,55,95,115,35
76,golem,rock,80,120,130,45
77,ponyta,fire,50,85,55,90
78,rapidash,fire,65,100,70,105
79,slowpoke,water,90,65,65,15
80,slowbro,water,95,75,110,30
81,magnemite,electric,25,35,70,45
82,magneton,electric,50,60,95,70
83,farfetchd,normal,52,90,55,60
84,doduo,normal,35,85,45,75
85,dodrio,normal,60,110,70,110
86,seel,water,65,45,55,45
87,dewgong,water,90,70,80,70
88,grimer,poison,80,80,50,25
89,muk,poison,105,105,75,50
90,shellder,water,30,65,100,40
91,cloyster,water,50,95,180,70
92,gastly,ghost,30,35,30,80
93,haunter,ghost,45,50,45,95
94,gengar,ghost,60,65,60,110
95,onix,rock,35,45,160,70
96,drowzee,psychic,60,48,45,42
97,hypno,psychic,85,73,70,67
98,krabby,water,30,105,90,50
99,kingler,water,55,130,115,75
100,voltorb,electric,40,30,50,100
101,electrode,electric,60,50,70,150
102,exeggcute,grass,60,40,80,40
103,exeggutor,grass,95,95,85,55
104,cubone,ground,50,50,95,35
105,marowak,ground,60,80,110,45
106,hitmonlee,fighting,50,120,53,87
107,hitmonchan,fighting,50,105,79,76
108,lickitung,normal,90,55,75,30
109,koffing,poison,40,65,95,35
110,weezing,poison,65,90,120,60
111,rhyhorn,ground,80,85,95,25
112,rhydon,ground,105,130,120,40
113,chansey,normal,250,5,5,50
114,tangela,grass,65,55,115,60
115,kangaskhan,normal,105,95,80,90
116,horsea,water,30,40,70,60
117,seadra,water,55,65,95,85
118,goldeen,water,45,67,60,63
119,seaking,water,80,92,65,68
120,staryu,water,30,45,55,85
121,starmie,water,60,75,85,115
122,mr-mime,psychic,40,45,65,90
123,scyther,bug,70,110,80,105
124,jynx,ice,65,50,35,95
125,electabuzz,electric,65,83,57,105
126,magmar,fire,65,95,57,93
127,pinsir,bug,65,125,100,85
128,tauros,normal,75,100,95,110
129,magikarp,water,20,10,55,80
130,gyarados,water,95,125,79,81
131,lapras,water,130,85,80,60
132,ditto,normal,48,48,48,48
133,eevee,normal,55,55,50,55
134,vaporeon,water,130,65,60,65
135,jolteon,electric,65,65,60,130
136,flareon,fire,65,130,60,65
137,porygon,normal,65,60,70,40
138,omanyte,rock,35,40,100,35
139,omastar,rock,70,60,125,55
140,kabuto,rock,30,80,90,55
141,kabutops,rock,60,115,105,80
142,aerodactyl,rock,80,105,65,130
143,snorlax,normal,160,110,65,30
144,articuno,ice,90,85,100,85
145,zapdos,electric,90,90,85,100
146,moltres,fire,90,100,90,90
147,dratini,dragon,41,64,45,50
148,dragonair,dragon,61,84,65,70
149,dragonite,dragon,91,134,95,80
150,mewtwo,psychic,106,110,90,130
151,mew,psychic,100,100,100,100
152,chikorita,grass,45,49,65,45
153,bayleef,grass,60,62,80,60
154,meganium,grass,80,82,100,80
155,cyndaquil,fire,39,52,43,65
156,quilava,fire,58,64,58,80
157,typhlosion,fire,78,84,78,100
158,totodile,water,50,65,64,43
159,croconaw,water,65,80,80,58
160,feraligatr,water,85,105,100,78
161,sentret,normal,35,46,34,20
162,furret,normal,85,76,64,90
163,hoothoot,normal,60,30,30,50
164,noctowl,normal,100,50,50,70
165,ledyba,bug,40,20,30,55
166,ledian,bug,55,35,50,85
167,spinarak,bug,40,60,40,30
168,ariados,bug,70,90,70,40
169,crobat,poison,85,90,80,130
170,chinchou,water,75,38,38,67
171,lanturn,water,125,58,58,67
172,pichu,electric,20,40,15,60
173,cleffa,fairy,50,25,28,15
174,igglybuff,normal,90,30,15,15
175,togepi,fairy,35,20,65,20
176,togetic,fairy,55,40,85,40
177,natu,psychic,40,50,45,70
178,xatu,psychic,65,75,70,95
179,mareep,electric,55,40,40,35
180,flaaffy,electric,70,55,55,45
181,ampharos,electric,90,75,85,55
182,bellossom,grass,75,80,95,50
183,marill,water,70,20,50,40
184,azumarill,water,100,50,80,50
185,sudowoodo,rock,70,100,115,30
186,politoed,water,90,75,75,70
187,hoppip,grass,35,35,40,50
188,skiploom,grass,55,45,50,80
189,jumpluff,grass,75,55,70,110
190,aipom,normal,55,70,55,85
191,sunkern,grass,30,30,30,30
192,sunflora,grass,75,75,55,30
193,yanma,bug,65,65,45,95
194,wooper,water,55,45,45,15
195,quagsire,water,95,85,85,35
196,espeon,psychic,65,65,60,110
197,umbreon,dark,95,65,110,65
198,murkrow,dark,60,85,42,91
199,slowking,water,95,75,80,30
200,misdreavus,ghost,60,60,60,85
201,unown,psychic,48,72,48,48
202,wobbuffet,psychic,190,33,58,33
203,girafarig,normal,70,80,65,85
204,pineco,bug,50,65,90,15
205,forretress,bug,75,90,140,40
206,dunsparce,normal,100,70,70,45
207,gligar,ground,65,75,105,85
208,steelix,steel,75,85,200,30
209,snubbull,fairy,60,80,50,30
210,granbull,fairy,90,120,75,45
211,qwilfish,water,65,95,85,85
212,scizor,bug,70,130,100,65
213,shuckle,bug,20,10,230,5
214,heracross,bug,80,125,75,85
215,sneasel,dark,55,95,55,115
216,teddiursa,normal,60,80,50,40
217,ursaring,normal,90,130,75,55
218,slugma,fire,40,40,40,20
219,magcargo,fire,60,50,120,30
220,swinub,ice,50,50,40,50
221,piloswine,ice,100,100,80,50
222,corsola,water,65,55,95,35
223,remoraid,water,35,65,35,65
224,octillery,water,75,105,75,45
225,delibird,ice,45,55,45,75
226,mantine,water,85,40,70,70
227,skarmory,steel,65,80,140,70
228,houndour,dark,45,60,30,65
229,houndoom,dark,75,90,50,95
230,kingdra,water,75,95,95,85
231,phanpy,ground,90,60,60,40
232,donphan,ground,90,120,120,50
233,porygon2,normal,85,80,90,60
234,stantler,normal,73,95,62,85
235,smeargle,normal,55,20,35,75
236,tyrogue,fighting,35,35,35,35
237,hitmontop,fighting,50,95,95,70
238,smoochum,ice,45,30,15,65
239,elekid,electric,45,63,37,95
240,magby,fire,45,75,37,83
241,miltank,normal,95,80,105,100
242,blissey,normal,255,10,10,55
243,raikou,electric,90,85,75,115
244,entei,fire,115,115,85,100
245,suicune,water,100,75,115,85
246,larvitar,rock,50,64,50,41
247,pupitar,rock,70,84,70,51
248,tyranitar,rock,100,134,110,61
249,lugia,psychic,106,90,130,110
250,ho-oh,fire,106,130,90,90
251,celebi,psychic,100,100,100,100
252,treecko,grass,40,45,35,70
253,grovyle,grass,50,65,45,95
254,sceptile,grass,70,85,65,120
255,torchic,fire,45,60,40,45
256,combusken,fire,60,85,60,55
257,blaziken,fire,80,120,70,80
258,mudkip,water,50,70,50,40
259,marshtomp,water,70,85,70,50
260,swampert,water,100,110,90,60
261,poochyena,dark,35,55,35,35
262,mightyena,dark,70,90,70,70
263,zigzagoon,normal,38,30,41,60
264,linoone,normal,78,70,61,100
265,wurmple,bug,45,45,35,20
266,silcoon,bug,50,35,55,15
267,beautifly,bug,60,70,50,65
268,cascoon,bug,50,35,55,15
269,dustox,bug,60,50,70,65
270,lotad,water,40,30,30,30
271,lombre,water,60,50,50,50
272,ludicolo,water,80,70,70,70
273,seedot,grass,40,40,50,30
274,nuzleaf,grass,70,70,40,60
275,shiftry,grass,90,100,60,80
276,taillow,normal,40,55,30,85
277,swellow,normal,60,85,60,125
278,wingull,water,40,30,30,85
279,pelipper,water,60,50,100,65
280,ralts,psychic,28,25,25,40
281,kirlia,psychic,38,35,35,50
282,gardevoir,psychic,68,65,65,80
283,surskit,bug,40,30,32,65
284,masquerain,bug,70,60,62,80
285,shroomish,grass,60,40,60,35
286,breloom,grass,60,130,80,70
287,slakoth,normal,60,60,60,30
288,vigoroth,normal,80,80,80,90
289,slaking,normal,150,160,100,100
290,nincada,bug,31,45,90,40
291,ninjask,bug,61,90,45,160
292,shedinja,bug,1,90,45,40
293,whismur,normal,64,51,23,28
294,loudred,normal,84,71,43,48
295,exploud,normal,104,91,63,68
296,makuhita,fighting,72,60,30,25
297,hariyama,fighting,144,120,60,50
298,azurill,normal,50,20,40,20
299,nosepass,rock,30,45,135,30
300,skitty,normal,50,45,45,50
301,delcatty,normal,70,65,65,90
302,sableye,dark,50,75,75,50
303,mawile,steel,50,85,85,50
304,aron,steel,50,70,100,30
305,lairon,steel,60,90,140,40
306,aggron,steel,70,110,180,50
307,meditite,fighting,30,40,55,60
308,medicham,fighting,60,60,75,80
309,electrike,electric,40,45,40,65
310,manectric,electric,70,75,60,105
311,plusle,electric,60,50,40,95
312,minun,electric,60,40,50,95
313,volbeat,bug,65,73,75,85
314,illumise,bug,65,47,75,85
315,roselia,grass,50,60,45,65
316,gulpin,poison,70,43,53,40
317,swalot,poison,100,73,83,55
318,carvanha,water,45,90,20,65
319,sharpedo,water,70,120,40,95
320,wailmer,water,130,70,35,60
321,wailord,water,170,90,45,60
322,numel,fire,60,60,40,35
323,camerupt,fire,70,100,70,40
324,torkoal,fire,70,85,140,20
325,spoink,psychic,60,25,35,60
326,grumpig,psychic,80,45,65,80
327,spinda,normal,60,60,60,60
328,trapinch,ground,45,100,45,10
329,vibrava,ground,50,70,50,70
330,flygon,ground,80,100,80,100
331,cacnea,grass,50,85,40,35
332,cacturne,grass,70,115,60,55
333,swablu,normal,45,40,60,50
334,altaria,dragon,75,70,90,80
335,zangoose,normal,73,115,60,90
336,seviper,poison,73,100,60,65
337,lunatone,rock,90,55,65,70
338,solrock,rock,90,95,85,70
339,barboach,water,50,48,43,60
340,whiscash,water,110,78,73,60
341,corphish,water,43,80,65,35
342,crawdaunt,water,63,120,85,55
343,baltoy,ground,40,40,55,55
344,claydol,ground,60,70,105,75
345,lileep,rock,66,41,77,23
346,cradily,rock,86,81,97,43
347,anorith,rock,45,95,50,75
348,armaldo,rock,75,125,100,45
349,feebas,water,20,15,20,80
350,milotic,water,95,60,79,81
351,castform,normal,70,70,70,70
352,kecleon,normal,60,90,70,40
353,shuppet,ghost,44,75,35,45
354,banette,ghost,64,115,65,65
355,duskull,ghost,20,40,90,25
356,dusclops,ghost,40,70,130,25
357,tropius,grass,99,68,83,51
358,chimecho,psychic,75,50,80,65
359,absol,dark,65,130,60,75
360,wynaut,psychic,95,23,48,23
361,snorunt,ice,50,50,50,50
362,glalie,ice,80,80,80,80
363,spheal,ice,70,40,50,25
364,sealeo,ice,90,60,70,45
365,walrein,ice,110,80,90,65
366,clamperl,water,35,64,85,32
367,huntail,water,55,104,105,52
368,gorebyss,water,55,84,105,52
369,relicanth,water,100,90,130,55
370,luvdisc,water,43,30,55,97
371,bagon,dragon,45,75,60,50
372,shelgon,dragon,65,95,100,50
373,salamence,dragon,95,135,80,100
374,beldum,steel,40,55,80,30
375,metang,steel,60,75,100,50
376,metagross,steel,80,135,130,70
377,regirock,rock,80,100,200,50
378,regice,ice,80,50,100,50
379,registeel,steel,80,75,150,50
380,latias,dragon,80,80,90,110
381,latios,dragon,80,90,80,110
382,kyogre,water,100,100,90,90
383,groudon,ground,100,150,140,90
384,rayquaza,dragon,105,150,90,95
385,jirachi,steel,100,100,100,100
386,deoxys-normal,psychic,50,150,50,150
387,turtwig,grass,55,68,64,31
388,grotle,grass,75,89,85,36
389,torterra,grass,95,109,105,56
390,chimchar,fire,44,58,44,61
391,monferno,fire,64,78,52,81
392,infernape,fire,76,104,71,108
393,piplup,water,53,51,53,40
394,prinplup,water,64,66,68,50
395,empoleon,water,84,86,88,60
396,starly,normal,40,55,30,60
397,staravia,normal,55,75,50,80
398,staraptor,normal,85,120,70,100
399,bidoof,normal,59,45,40,31
400,bibarel,normal,79,85,60,71
401,kricketot,bug,37,25,41,25
402,kricketune,bug,77,85,51,65
403,shinx,electric,45,65,34,45
404,luxio,electric,60,85,49,60
405,luxray,electric,80,120,79,70
406,budew,grass,40,30,35,55
407,roserade,grass,60,70,65,90
408,cranidos,rock,67,125,40,58
409,rampardos,rock,97,165,60,58
410,shieldon,rock,30,42,118,30
411,bastiodon,rock,60,52,168,30
412,burmy,bug,40,29,45,36
413,wormadam-plant,bug,60,59,85,36
414,mothim,bug,70,94,50,66
415,combee,bug,30,30,42,70
416,vespiquen,bug,70,80,102,40
417,pachirisu,electric,60,45,70,95
418,buizel,water,55,65,35,85
419,floatzel,water,85,105,55,115
420,cherubi,grass,45,35,45,35
421,cherrim,grass,70,60,70,85
422,shellos,water,76,48,48,34
423,gastrodon,water,111,83,68,39
424,ambipom,normal,75,100,66,115
425,drifloon,ghost,90,50,34,70
426,drifblim,ghost,150,80,44,80
427,buneary,normal,55,66,44,85
428,lopunny,normal,65,76,84,105
429,mismagius,ghost,60,60,60,105
430,honchkrow,dark,100,125,52,71
431,glameow,normal,49,55,42,85
432,purugly,normal,71,82,64,112
433,chingling,psychic,45,30,50,45
434,stunky,poison,63,63,47,74
435,skuntank,poison,103,93,67,84
436,bronzor,steel,57,24,86,23
437,bronzong,steel,67,89,116,33
438,bonsly,rock,50,80,95,10
439,mime-jr,psychic,20,25,45,60
440,happiny,normal,100,5,5,30
441,chatot,normal,76,65,45,91
442,spiritomb,ghost,50,92,108,35
443,gible,dragon,58,70,45,42
444,gabite,dragon,68,90,65,82
445,garchomp,dragon,108,130,95,102
446,munchlax,normal,135,85,40,5
447,riolu,fighting,40,70,40,60
448,lucario,fighting,70,110,70,90
449,hippopotas,ground,68,72,78,32
450,hippowdon,ground,108,112,118,47
451,skorupi,poison,40,50,90,65
452,drapion,poison,70,90,110,95
453,croagunk,poison,48,61,40,50
454,toxicroak,poison,83,106,65,85
455,carnivine,grass,74,100,72,46
456,finneon,water,49,49,56,66
457,lumineon,water,69,69,76,91
458,mantyke,water,45,20,50,50
459,snover,grass,60,62,50,40
460,abomasnow,grass,90,92,75,60
461,weavile,dark,70,120,65,125
462,magnezone,electric,70,70,115,60
463,lickilicky,normal,110,85,95,50
464,rhyperior,ground,115,140,130,40
465,tangrowth,grass,100,100,125,50
466,electivire,electric,75,123,67,95
467,magmortar,fire,75,95,67,83
468,togekiss,fairy,85,50,95,80
469,yanmega,bug,86,76,86,95
470,leafeon,grass,65,110,130,95
471,glaceon,ice,65,60,110,65
472,gliscor,ground,75,95,125,95
473,mamoswine,ice,110,130,80,80
474,porygon-z,normal,85,80,70,90
475,gallade,psychic,68,125,65,80
476,probopass,rock,60,55,145,40
477,dusknoir,ghost,45,100,135,45
478,froslass,ice,70,80,70,110
479,rotom,electric,50,50,77,91
480,uxie,psychic,75,75,130,95
481,mesprit,psychic,80,105,105,80
482,azelf,psychic,75,125,70,115
483,dialga,steel,100,120,120,90
484,palkia,water,90,120,100,100
485,heatran,fire,91,90,106,77
486,regigigas,normal,110,160,110,100
487,giratina-altered,ghost,150,100,120,90
488,cresselia,psychic,120,70,110,85
489,phione,water,80,80,80,80
490,manaphy,water,100,100,100,100
491,darkrai,dark,70,90,90,125
492,shaymin-land,grass,100,100,100,100
493,arceus,normal,120,120,120,120
494,victini,psychic,100,100,100,100
495,snivy,grass,45,45,55,63
496,servine,grass,60,60,75,83
497,serperior,grass,75,75,95,113
498,tepig,fire,65,63,45,45
499,pignite,fire,90,93,55,55
500,emboar,fire,110,123,65,65
501,oshawott,water,55,55,45,45
502,dewott,water,75,75,60,60
503,samurott,water,95,100,85,70
504,patrat,normal,45,55,39,42
505,watchog,normal,60,85,69,77
506,lillipup,normal,45,60,45,55
507,herdier,normal,65,80,65,60
508,stoutland,normal,85,110,90,80
509,purrloin,dark,41,50,37,66
510,liepard,dark,64,88,50,106
511,pansage,grass,50,53,48,64
512,simisage,grass,75,98,63,101
513,pansear,fire,50,53,48,64
514,simisear,fire,75,98,63,101
515,panpour,water,50,53,48,64
516,simipour,water,75,98,63,101
517,munna,psychic,76,25,45,24
518,musharna,psychic,116,55,85,29
519,pidove,normal,50,55,50,43
520,tranquill,normal,62,77,62,65
521,unfezant,normal,80,115,80,93
522,blitzle,electric,45,60,32,76
523,zebstrika,electric,75,100,63,116
524,roggenrola,rock,55,75,85,15
525,boldore,rock,70,105,105,20
526,gigalith,rock,85,135,130,25
527,woobat,psychic,65,45,43,72
528,swoobat,psychic,67,57,55,114
529,drilbur,ground,60,85,40,68
530,excadrill,ground,110,135,60,88
531,audino,normal,103,60,86,50
532,timburr,fighting,75,80,55,35
533,gurdurr,fighting,85,105,85,40
534,conkeldurr,fighting,105,140,95,45
535,tympole,water,50,50,40,64
536,palpitoad,water,75,65,55,69
537,seismitoad,water,105,95,75,74
538,throh,fighting,120,100,85,45
539,sawk,fighting,75,125,75,85
540,sewaddle,bug,45,53,70,42
541,swadloon,bug,55,63,90,42
542,leavanny,bug,75,103,80,92
543,venipede,bug,30,45,59,57
544,whirlipede,bug,40,55,99,47
545,scolipede,bug,60,100,89,112
546,cottonee,grass,40,27,60,66
547,whimsicott,grass,60,67,85,116
548,petilil,grass,45,35,50,30
549,lilligant,grass,70,60,75,90
550,basculin-red-striped,water,70,92,65,98
551,sandile,ground,50,72,35,65
552,krokorok,ground,60,82,45,74
553,krookodile,ground,95,117,80,92
554,darumaka,fire,70,90,45,50
555,darmanitan-standard,fire,105,140,55,95
556,maractus,grass,75,86,67,60
557,dwebble,bug,50,65,85,55
558,crustle,bug,70,105,125,45
559,scraggy,dark,50,75,70,48
560,scrafty,dark,65,90,115,58
561,sigilyph,psychic,72,58,80,97
562,yamask,ghost,38,30,85,30
563,cofagrigus,ghost,58,50,145,30
564,tirtouga,water,54,78,103,22
565,carracosta,water,74,108,133,32
566,archen,rock,55,112,45,70
567,archeops,rock,75,140,65,110
568,trubbish,poison,50,50,62,65
569,garbodor,poison,80,95,82,75
570,zorua,dark,40,65,40,65
571,zoroark,dark,60,105,60,105
572,minccino,normal,55,50,40,75
573,cinccino,normal,75,95,60,115
574,gothita,psychic,45,30,50,45
575,gothorita,psychic,60,45,70,55
576,gothitelle,psychic,70,55,95,65
577,solosis,psychic,45,30,40,20
578,duosion,psychic,65,40,50,30
579,reuniclus,psychic,110,65,75,30
580,ducklett,water,62,44,50,55
581,swanna,water,75,87,63,98
582,vanillite,ice,36,50,50,44
583,vanillish,ice,51,65,65,59
584,vanilluxe,ice,71,95,85,79
585,deerling,normal,60,60,50,75
586,sawsbuck,normal,80,100,70,95
587,emolga,electric,55,75,60,103
588,karrablast,bug,50,75,45,60
589,escavalier,bug,70,135,105,20
590,foongus,grass,69,55,45,15
591,amoonguss,grass,114,85,70,30
592,frillish,water,55,40,50,40
593,jellicent,water,100,60,70,60
594,alomomola,water,165,75,80,65
595,joltik,bug,50,47,50,65
596,galvantula,bug,70,77,60,108
597,ferroseed,grass,44,50,91,10
598,ferrothorn,grass,74,94,131,20
599,klink,steel,40,55,70,30
600,klang,steel,60,80,95,50
601,klinklang,steel,60,100,115,90
602,tynamo,electric,35,55,40,60
603,eelektrik,electric,65,85,70,40
604,eelektross,electric,85,115,80,50
605,elgyem,psychic,55,55,55,30
606,beheeyem,psychic,75,75,75,40
607,litwick,ghost,50,30,55,20
608,lampent,ghost,60,40,60,55
609,chandelure,ghost,60,55,90,80
610,axew,dragon,46,87,60,57
611,fraxure,dragon,66,117,70,67
612,haxorus,dragon,76,147,90,97
613,cubchoo,ice,55,70,40,40
614,beartic,ice,95,130,80,50
615,cryogonal,ice,80,50,50,105
616,shelmet,bug,50,40,85,25
617,accelgor,bug,80,70,40,145
618,stunfisk,ground,109,66,84,32
619,mienfoo,fighting,45,85,50,65
620,mienshao,fighting,65,125,60,105
621,druddigon,dragon,77,120,90,48
622,golett,ground,59,74,50,35
623,golurk,ground,89,124,80,55
624,pawniard,dark,45,85,70,60
625,bisharp,dark,65,125,100,70
626,bouffalant,normal,95,110,95,55
627,rufflet,normal,70,83,50,60
628,braviary,normal,100,123,75,80
629,vullaby,dark,70,55,75,60
630,mandibuzz,dark,110,65,105,80
631,heatmor,fire,85,97,66,65
632,durant,bug,58,109,112,109
633,deino,dark,52,65,50,38
634,zweilous,dark,72,85,70,58
635,hydreigon,dark,92,105,90,98
636,larvesta,bug,55,85,55,60
637,volcarona,bug,85,60,65,100
638,cobalion,steel,91,90,129,108
639,terrakion,rock,91,129,90,108
640,virizion,grass,91,90,72,108
641,tornadus-incarnate,flying,79,115,70,111
642,thundurus-incarnate,electric,79,115,70,111
643,reshiram,dragon,100,120,100,90
644,zekrom,dragon,100,150,120,90
645,landorus-incarnate,ground,89,125,90,101
646,kyurem,dragon,125,130,90,95
647,keldeo-ordinary,water,91,72,90,108
648,meloetta-aria,normal,100,77,77,90
649,genesect,bug,71,120,95,99
650,chespin,grass,56,61,65,38
651,quilladin,grass,61,78,95,57
652,chesnaught,grass,88,107,122,64
653,fennekin,fire,40,45,40,60
654,braixen,fire,59,59,58,73
655,delphox,fire,75,69,72,104
656,froakie,water,41,56,40,71
657,frogadier,water,54,63,52,97
658,greninja,water,72,95,67,122
659,bunnelby,normal,38,36,38,57
660,diggersby,normal,85,56,77,78
661,fletchling,normal,45,50,43,62
662,fletchinder,fire,62,73,55,84
663,talonflame,fire,78,81,71,126
664,scatterbug,bug,38,35,40,35
665,spewpa,bug,45,22,60,29
666,vivillon,bug,80,52,50,89
667,litleo,fire,62,50,58,72
668,pyroar,fire,86,68,72,106
669,flabebe,fairy,44,38,39,42
670,floette,fairy,54,45,47,52
671,florges,fairy,78,65,68,75
672,skiddo,grass,66,65,48,52
673,gogoat,grass,123,100,62,68
674,pancham,fighting,67,82,62,43
675,pangoro,fighting,95,124,78,58
676,furfrou,normal,75,80,60,102
677,espurr,psychic,62,48,54,68
678,meowstic-male,psychic,74,48,76,104
679,honedge,steel,45,80,100,28
680,doublade,steel,59,110,150,35
681,aegislash-shield,steel,60,50,140,60
682,spritzee,fairy,78,52,60,23
683,aromatisse,fairy,101,72,72,29
684,swirlix,fairy,62,48,66,49
685,slurpuff,fairy,82,80,86,72
686,inkay,dark,53,54,53,45
687,malamar,dark,86,92,88,73
688,binacle,rock,42,52,67,50
689,barbaracle,rock,72,105,115,68
690,skrelp,poison,50,60,60,30
691,dragalge,poison,65,75,90,44
692,clauncher,water,50,53,62,44
693,clawitzer,water,71,73,88,59
694,helioptile,electric,44,38,33,70
695,heliolisk,electric,62,55,52,109
696,tyrunt,rock,58,89,77,48
697,tyrantrum,rock,82,121,119,71
698,amaura,rock,77,59,50,46
699,aurorus,rock,123,77,72,58
700,sylveon,fairy,95,65,65,60
701,hawlucha,fighting,78,92,75,118
702,dedenne,electric,67,58,57,101
703,carbink,rock,50,50,150,50
704,goomy,dragon,45,50,35,40
705,sliggoo,dragon,68,75,53,60
706,goodra,dragon,90,100,70,80
707,klefki,steel,57,80,91,75
708,phantump,ghost,43,70,48,38
709,trevenant,ghost,85,110,76,56
710,pumpkaboo-average,ghost,49,66,70,51
711,gourgeist-average,ghost,65,90,122,84
712,bergmite,ice,55,69,85,28
713,avalugg,ice,95,117,184,28
714,noibat,flying,40,30,35,55
715,noivern,flying,85,70,80,123
716,xerneas,fairy,126,131,95,99
717,yveltal,dark,126,131,95,99
718,zygarde-50,dragon,108,100,121,95
719,diancie,rock,50,100,150,50
720,hoopa,psychic,80,110,60,70
721,volcanion,fire,80,110,120,70
722,rowlet,grass,68,55,55,42
723,dartrix,grass,78,75,75,52
724,decidueye,grass,78,107,75,70
725,litten,fire,45,65,40,70
726,torracat,fire,65,85,50,90
727,incineroar,fire,95,115,90,60
728,popplio,water,50,54,54,40
729,brionne,water,60,69,69,50
730,primarina,water,80,74,74,60
731,pikipek,normal,35,75,30,65
732,trumbeak,normal,55,85,50,75
733,toucannon,normal,80,120,75,60
734,yungoos,normal,48,70,30,45
735,gumshoos,normal,88,110,60,45
736,grubbin,bug,47,62,45,46
737,charjabug,bug,57,82,95,36
738,vikavolt,bug,77,70,90,43
739,crabrawler,fighting,47,82,57,63
740,crabominable,fighting,97,132,77,43
741,oricorio-baile,fire,75,70,70,93
742,cutiefly,bug,40,45,40,84
743,ribombee,bug,60,55,60,124
744,rockruff,rock,45,65,40,60
745,lycanroc-midday,rock,75,115,65,112
746,wishiwashi-solo,water,45,20,20,40
747,mareanie,poison,50,53,62,45
748,toxapex,poison,50,63,152,35
749,mudbray,ground,70,100,70,45
750,mudsdale,ground,100,125,100,35
751,dewpider,water,38,40,52,27
752,araquanid,water,68,70,92,42
753,fomantis,grass,40,55,35,35
754,lurantis,grass,70,105,90,45
755,morelull,grass,40,35,55,15
756,shiinotic,grass,60,45,80,30
757,salandit,poison,48,44,40,77
758,salazzle,poison,68,64,60,117
759,stufful,normal,70,75,50,50
760,bewear,normal,120,125,80,60
761,bounsweet,grass,42,30,38,32
762,steenee,grass,52,40,48,62
763,tsareena,grass,72,120,98,72
764,comfey,fairy,51,52,90,100
765,oranguru,normal,90,60,80,60
766,passimian,fighting,100,120,90,80
767,wimpod,bug,25,35,40,80
768,golisopod,bug,75,125,140,40
769,sandygast,ghost,55,55,80,15
770,palossand,ghost,85,75,110,35
771,pyukumuku,water,55,60,130,5
772,type-null,normal,95,95,95,59
773,silvally,normal,95,95,95,95
774,minior-red-meteor,rock,60,60,100,60
775,komala,normal,65,115,65,65
776,turtonator,fire,60,78,135,36
777,togedemaru,electric,65,98,63,96
778,mimikyu-disguised,ghost,55,90,80,96
779,bruxish,water,68,105,70,92
780,drampa,normal,78,60,85,36
781,dhelmise,ghost,70,131,100,40
782,jangmo-o,dragon,45,55,65,45
783,hakamo-o,dragon,55,75,90,65
784,kommo-o,dragon,75,110,125,85
785,tapu-koko,electric,70,115,85,130
786,tapu-lele,psychic,70,85,75,95
787,tapu-bulu,grass,70,130,115,75
788,tapu-fini,water,70,75,115,85
789,cosmog,psychic,43,29,31,37
790,cosmoem,psychic,43,29,131,37
791,solgaleo,psychic,137,137,107,97
792,lunala,psychic,137,113,89,97
793,nihilego,rock,109,53,47,103
794,buzzwole,bug,107,139,139,79
795,pheromosa,bug,71,137,37,151
796,xurkitree,electric,83,89,71,83
797,celesteela,steel,97,101,103,61
798,kartana,grass,59,181,131,109
799,guzzlord,dark,223,101,53,43
800,necrozma,psychic,97,107,101,79
801,magearna,steel,80,95,115,65
802,marshadow,fighting,90,125,80,125
803,poipole,poison,67,73,67,73
804,naganadel,poison,73,73,73,121
805,stakataka,rock,61,131,211,13
806,blacephalon,fire,53,127,53,107
807,zeraora,electric,88,112,75,143
808,meltan,steel,46,65,65,34
809,melmetal,steel,135,143,143,34
810,grookey,grass,50,65,50,65
811,thwackey,grass,70,85,70,80
812,rillaboom,grass,100,125,90,85
813,scorbunny,fire,50,71,40,69
814,raboot,fire,65,86,60,94
815,cinderace,fire,80,116,75,119
816,sobble,water,50,40,40,70
817,drizzile,water,65,60,55,90
818,inteleon,water,70,85,65,120
819,skwovet,normal,70,55,55,25
820,greedent,normal,120,95,95,20
821,rookidee,flying,38,47,35,57
822,corvisquire,flying,68,67,55,77
823,corviknight,flying,98,87,105,67
824,blipbug,bug,25,20,20,45
825,dottler,bug,50,35,80,30
826,orbeetle,bug,60,45,110,90
827,nickit,dark,40,28,28,50
828,thievul,dark,70,58,58,90
829,gossifleur,grass,40,40,60,10
830,eldegoss,grass,60,50,90,60
831,wooloo,normal,42,40,55,48
832,dubwool,normal,72,80,100,88
833,chewtle,water,50,64,50,44
834,drednaw,water,90,115,90,74
835,yamper,electric,59,45,50,26
836,boltund,electric,69,90,60,121
837,rolycoly,rock,30,40,50,30
838,carkol,rock,80,60,90,50
839,coalossal,rock,110,80,120,30
840,applin,grass,40,40,80,20
841,flapple,grass,70,110,80,70
842,appletun,grass,110,85,80,30
843,silicobra,ground,52,57,75,46
844,sandaconda,ground,72,107,125,71
845,cramorant,flying,70,85,55,85
846,arrokuda,water,41,63,40,66
847,barraskewda,water,61,123,60,136
848,toxel,electric,40,38,35,40
849,toxtricity-amped,electric,75,98,70,75
850,sizzlipede,fire,50,65,45,45
851,centiskorch,fire,100,115,65,65
852,clobbopus,fighting,50,68,60,32
853,grapploct,fighting,80,118,90,42
854,sinistea,ghost,40,45,45,50
855,polteageist,ghost,60,65,65,70
856,hatenna,psychic,42,30,45,39
857,hattrem,psychic,57,40,65,49
858,hatterene,psychic,57,90,95,29
859,impidimp,dark,45,45,30,50
860,morgrem,dark,65,60,45,70
861,grimmsnarl,dark,95,120,65,60
862,obstagoon,dark,93,90,101,95
863,perrserker,steel,70,110,100,50
864,cursola,ghost,60,95,50,30
865,sirfetchd,fighting,62,135,95,65
866,mr-rime,ice,80,85,75,70
867,runerigus,ground,58,95,145,30
868,milcery,fairy,45,40,40,34
869,alcremie,fairy,65,60,75,64
870,falinks,fighting,65,100,100,75
871,pincurchin,electric,48,101,95,15
872,snom,ice,30,25,35,20
873,frosmoth,ice,70,65,60,65
874,stonjourner,rock,100,125,135,70
875,eiscue-ice,ice,75,80,110,50
876,indeedee-male,psychic,60,65,55,95
877,morpeko-full-belly,electric,58,95,58,97
878,cufant,steel,72,80,49,40
879,copperajah,steel,122,130,69,30
880,dracozolt,electric,90,100,90,75
881,arctozolt,electric,90,100,90,55
882,dracovish,water,90,90,100,75
883,arctovish,water,90,90,100,55
884,duraludon,steel,70,95,115,85
885,dreepy,dragon,28,60,30,82
886,drakloak,dragon,68,80,50,102
887,dragapult,dragon,88,120,75,142
888,zacian,fairy,92,120,115,138
889,zamazenta,fighting,92,120,115,138
890,eternatus,poison,140,85,95,130
891,kubfu,fighting,60,90,60,72
892,urshifu-single-strike,fighting,100,130,100,97
893,zarude,dark,105,120,105,105
894,regieleki,electric,80,100,50,200
895,regidrago,dragon,200,100,50,80
896,glastrier,ice,100,145,130,30
897,spectrier,ghost,100,65,60,130
898,calyrex,psychic,100,80,80,80
899,wyrdeer,normal,103,105,72,65
900,kleavor,bug,70,135,95,85
901,ursaluna,ground,130,140,105,50
902,basculegion-male,water,120,112,65,78
903,sneasler,fighting,80,130,60,120
904,overqwil,dark,85,115,95,85
905,enamorus-incarnate,fairy,74,115,70,106
906,sprigatito,grass,40,61,54,65
907,floragato,grass,61,80,63,83
908,meowscarada,grass,76,110,70,123
909,fuecoco,fire,67,45,59,36
910,crocalor,fire,81,55,78,49
911,skeledirge,fire,104,75,100,66
912,quaxly,water,55,65,45,50
913,quaxwell,water,70,85,65,65
914,quaquaval,water,85,120,80,85
915,lechonk,normal,54,45,40,35
916,oinkologne,normal,110,100,75,65
917,tarountula,bug,35,41,45,20
918,spidops,bug,60,79,92,35
919,nymble,bug,33,46,40,45
920,lokix,bug,71,102,78,92
921,pawmi,electric,45,50,20,60
922,pawmo,electric,60,75,40,85
923,pawmot,electric,70,115,70,105
924,tandemaus,normal,50,50,45,75
925,maushold,normal,74,75,70,111
926,fidough,fairy,37,55,70,65
927,dachsbun,fairy,57,80,115,95
928,smoliv,grass,41,35,45,30
929,dolliv,grass,52,53,60,33
930,arboliva,grass,78,69,90,39
931,squawkabilly,normal,82,96,51,92
932,nacli,rock,55,55,75,25
933,naclstack,rock,60,60,100,35
934,garganacl,rock,100,100,130,35
935,charcadet,fire,40,50,40,35
936,armarouge,fire,85,60,100,75
937,ceruledge,fire,75,125,80,85
938,tadbulb,electric,61,31,41,45
939,bellibolt,electric,109,64,91,45
940,wattrel,electric,40,40,35,70
941,kilowattrel,electric,70,70,60,125
942,maschiff,dark,60,78,60,51
943,mabosstiff,dark,80,120,90,85
944,shroodle,poison,40,65,35,75
945,grafaiai,poison,63,95,65,110
946,bramblin,grass,40,65,30,60
947,brambleghast,grass,55,115,70,90
948,toedscool,ground,40,40,35,70
949,toedscruel,ground,80,70,65,100
950,klawf,rock,70,100,115,75
951,capsakid,grass,50,62,40,50
952,scovillain,grass,65,108,65,75
953,rellor,bug,41,50,60,30
954,rabsca,bug,75,50,85,45
955,flittle,psychic,30,35,30,75
956,espathra,psychic,95,60,60,105
957,tinkatink,fairy,50,45,45,58
958,tinkatuff,fairy,65,55,55,78
959,tinkaton,fairy,85,75,77,94
960,wiglett,water,10,55,25,95
961,wugtrio,water,35,100,50,120
962,bombirdier,flying,70,103,85,82
963,finizen,water,70,45,40,75
964,palafin,water,100,70,72,100
965,varoom,steel,45,70,63,47
966,revavroom,steel,80,119,90,90
967,cyclizar,dragon,70,95,65,121
968,orthworm,steel,70,85,145,65
969,glimmet,rock,48,35,42,60
970,glimmora,rock,83,55,90,86
971,greavard,ghost,50,61,60,34
972,houndstone,ghost,72,101,100,68
973,flamigo,flying,82,115,74,90
974,cetoddle,ice,108,68,45,43
975,cetitan,ice,170,113,65,73
976,veluza,water,90,102,73,70
977,dondozo,water,150,100,115,35
978,tatsugiri,dragon,68,50,60,82
979,annihilape,fighting,110,115,80,90
980,clodsire,poison,130,75,60,20
981,farigiraf,normal,120,90,70,60
982,dudunsparce,normal,125,100,80,55
983,kingambit,dark,100,135,120,50
984,great-tusk,ground,115,131,131,87
985,scream-tail,fairy,115,65,99,111
986,brute-bonnet,grass,111,127,99,55
987,flutter-mane,ghost,55,55,55,135
988,slither-wing,bug,85,135,79,81
989,sandy-shocks,electric,85,81,97,101
990,iron-treads,ground,90,112,120,106
991,iron-bundle,ice,56,80,114,136
992,iron-hands,fighting,154,140,108,50
993,iron-jugulis,dark,94,80,86,108
994,iron-moth,fire,80,70,60,110
995,iron-thorns,rock,100,134,110,72
996,frigibax,dragon,65,75,45,55
997,arctibax,dragon,90,95,66,62
998,baxcalibur,dragon,115,145,92,87
999,gimmighoul,ghost,45,30,70,10
1000,gholdengo,steel,87,60,95,84
1001,wo-chien,dark,85,85,100,70
1002,chien-pao,dark,80,120,80,135
1003,ting-lu,dark,155,110,125,45
1004,chi-yu,dark,55,80,80,100
1005,roaring-moon,dragon,105,139,71,119
1006,iron-valiant,fairy,74,130,90,116
1007,koraidon,fighting,100,135,115,135
1008,miraidon,electric,100,85,100,135
1009,walking-wake,water,99,83,91,109
1010,iron-leaves,grass,90,130,88,104
1011,dipplin,grass,80,80,110,40
1012,poltchageist,grass,40,45,45,50
1013,sinistcha,grass,71,60,106,70
1014,okidogi,poison,88,128,115,80
1015,munkidori,poison,88,75,66,106
1016,fezandipiti,poison,88,91,82,99
1017,ogerpon,grass,80,120,84,110
